{
  "durations_seconds": [
    142.407502884,
    139.444773779,
    137.947244023,
    141.866533298,
    136.956518946,
    150.195575065,
    134.674086851,
    140.743118596,
    134.583132726,
    140.731784078
  ],
  "mean_duration": 139.95502702459999,
  "number_of_results": 102
}