{
  "durations_seconds": [
    260.147572137,
    252.177766721,
    245.556923169,
    244.656312208,
    251.40321993,
    271.696960701,
    263.221386335,
    267.166024236,
    253.38244091,
    248.946473893
  ],
  "mean_duration": 255.83550802400003,
  "number_of_results": 174
}