{
  "durations_seconds": [
    0.053664685,
    0.06692973,
    0.053233506,
    0.063381301,
    0.06097829,
    0.065797903,
    0.066080497,
    0.062303409,
    0.070167319,
    0.066488057
  ],
  "mean_duration": 0.0629024697,
  "number_of_results": 99
}