{
  "durations_seconds": [
    3.309568998,
    3.299868134,
    3.7087712440000002,
    3.878860413,
    3.52549668,
    3.986798761,
    3.731016455,
    4.025834326,
    3.834110568,
    3.637121097
  ],
  "mean_duration": 3.6937446676,
  "number_of_results": 140
}