{
  "durations_seconds": [
    30.917014703,
    30.466237899,
    30.309022895,
    30.80628661,
    38.107446462,
    33.499029291,
    30.10984318,
    37.645200433,
    37.576647057,
    29.364772658
  ],
  "mean_duration": 32.880150118799996,
  "number_of_results": 192
}