{
  "durations_seconds": [
    3.20773458,
    3.213136517,
    3.385433958,
    3.2325737119999998,
    3.260506619,
    3.252474708,
    3.256197463,
    3.268187651,
    3.385615945,
    3.320760806
  ],
  "mean_duration": 3.2782621959000005,
  "number_of_results": 116
}