{
  "durations_seconds": [
    2.058779992,
    2.121947338,
    2.100897524,
    2.119239082,
    2.096079049,
    2.10400874,
    2.160201212,
    2.167016355,
    2.118281917,
    2.131730826
  ],
  "mean_duration": 2.1178182034999997,
  "number_of_results": 53
}