{
  "durations_seconds": [
    0.036116924,
    0.034126886,
    0.036301943,
    0.032204822,
    0.027692088,
    0.035175324,
    0.032543052,
    0.036505275,
    0.031018881,
    0.027712719
  ],
  "mean_duration": 0.0329397914,
  "number_of_results": 32
}